userid,Fundraising,Philanthropy,Professionalism,Brotherhood,week_end_date,week_start_date
User/1277,5.73,0.3,0.03,1.59,8/2/25,7/27/25
User/1253,4.11,0.1,0,2.04,8/2/25,7/27/25
User/1279,0.37,0.1,0,1.16,8/2/25,7/27/25
User/1270,1.98,0.1,0,2.46,8/2/25,7/27/25
User/1274,4.4,0.3,0,1.82,8/2/25,7/27/25
User/1250,3.03,0.1,16.01,0.00,8/2/25,7/27/25
User/1322,9.27,0.3,0,2.36,8/2/25,7/27/25
User/1311,3.89,0.1,0,2.39,8/2/25,7/27/25
User/1240,1.91,0.1,0,0.68,8/2/25,7/27/25
User/1249,2.53,0,0,2.64,8/2/25,7/27/25
User/1310,5.37,0.2,0.68,1.49,8/2/25,7/27/25
User/1237,0,0.2,114.41,1.06,8/2/25,7/27/25
User/1296,3.61,0.3,0.13,2.21,8/2/25,7/27/25
User/1305,9.7,0.2,0,0.85,8/2/25,7/27/25
User/1254,3.47,0.2,0,1.28,8/2/25,7/27/25
User/1273,2.39,0.3,0.5,2.02,8/2/25,7/27/25
User/1263,3.89,0.1,0.02,1.14,8/2/25,7/27/25
User/1303,4.13,0.3,0.03,2.01,8/2/25,7/27/25
User/1284,19.57,0.4,0,1.00,8/2/25,7/27/25
User/1316,2.13,0.1,0,2.99,8/2/25,7/27/25
User/1251,2.61,0.1,0,1.65,8/2/25,7/27/25
User/1276,10.51,0,0,1.91,8/2/25,7/27/25
User/1247,2.28,0.1,0.17,1.56,8/2/25,7/27/25
User/1306,21.49,0.1,0,1.96,8/2/25,7/27/25
User/1313,16.53,0.4,0,0.86,8/2/25,7/27/25
User/1291,1.49,0.3,0.85,1.03,8/2/25,7/27/25
User/1236,10.52,0,0,1.15,8/2/25,7/27/25
User/1264,7.68,0,0,0.45,8/2/25,7/27/25
User/1287,7.6,0.2,0,0.38,8/2/25,7/27/25
User/1260,9.01,0,0,1.60,8/2/25,7/27/25
User/1298,6.91,0.2,0.94,2.96,8/2/25,7/27/25
User/1294,2,0,0,2.19,8/2/25,7/27/25
User/1312,10.51,0,0,0.74,8/2/25,7/27/25
User/1321,3.03,0.3,0.3,2.15,8/2/25,7/27/25
User/1243,0.96,0,0,2.22,8/2/25,7/27/25
User/1271,2.05,0.1,0,1.51,8/2/25,7/27/25
User/1283,0,0,0,0.66,8/2/25,7/27/25
User/1235,10.51,0,0,0.31,8/2/25,7/27/25
User/1304,10.98,0.1,0,0.50,8/2/25,7/27/25
User/1256,2.8,0.6,0,2.73,8/2/25,7/27/25
User/1315,9.86,0,0,2.46,8/2/25,7/27/25
User/1242,0,2.6,40.27,2.39,8/2/25,7/27/25
User/1259,8.72,0,0.01,1.76,8/2/25,7/27/25
User/1300,0,0.1,0.02,0.70,8/2/25,7/27/25
User/1255,2.69,0.1,0,0.02,8/2/25,7/27/25
User/1307,0,2.2,14.68,0.85,8/2/25,7/27/25
User/1282,2.25,0.3,0.31,2.82,8/2/25,7/27/25
User/1239,2.97,0.1,0,2.64,8/2/25,7/27/25
User/1285,10.02,0.2,0,1.83,8/2/25,7/27/25
User/1280,16.33,0.9,0,2.01,8/2/25,7/27/25
User/1238,10.52,0,0,0.04,8/2/25,7/27/25
User/1246,0,2.1,46.01,1.87,8/2/25,7/27/25
User/1295,2.99,0.3,0,1.87,8/2/25,7/27/25
User/1289,7.98,0.4,0,0.01,8/2/25,7/27/25
User/1252,7.82,0.1,0,1.25,8/2/25,7/27/25
User/1248,5.82,0.1,0,0.36,8/2/25,7/27/25
User/1318,3.62,0.2,0,2.74,8/2/25,7/27/25
User/1292,10.35,0.1,0.03,0.30,8/2/25,7/27/25
User/1323,9.05,0.3,0,2.63,8/2/25,7/27/25
User/1290,1.12,0,0,1.17,8/2/25,7/27/25
User/1272,4.26,0.1,0,2.57,8/2/25,7/27/25
User/1234,1.55,0,0,2.12,8/2/25,7/27/25
User/1275,4.91,0.2,0.02,0.78,8/2/25,7/27/25
User/1317,2.05,0.1,8.46,2.47,8/2/25,7/27/25
User/1241,6.92,0.1,0,0.67,8/2/25,7/27/25
User/1265,2.43,0.2,0,0.70,8/2/25,7/27/25
User/1244,7.05,0.1,0,2.42,8/2/25,7/27/25
User/1261,0,2.2,15.52,0.63,8/2/25,7/27/25
User/1299,5.08,0.3,0.03,0.11,8/2/25,7/27/25
User/1324,9.69,0.3,0,2.05,8/2/25,7/27/25
User/1286,8.52,0.3,0.04,2.90,8/2/25,7/27/25
User/1257,1.01,0.2,0.09,0.85,8/2/25,7/27/25
User/1288,5.22,0.1,0,2.09,8/2/25,7/27/25
User/1266,4.15,0.1,0,2.63,8/2/25,7/27/25
User/1268,15.82,1.1,0,1.49,8/9/25,8/3/25
User/1236,36.82,0.1,0,2.36,8/9/25,8/3/25
User/1255,13.43,0.7,0,0.43,8/9/25,8/3/25
User/1259,43.6,0.2,0.07,2.33,8/9/25,8/3/25
User/1266,40.47,1,0,2.92,8/9/25,8/3/25
User/1253,20.55,0.4,0,2.39,8/9/25,8/3/25
User/1280,80.83,4.6,0,2.50,8/9/25,8/3/25
User/1276,36.78,0.1,0,2.79,8/9/25,8/3/25
User/1317,21.5,0.4,33.83,1.47,8/9/25,8/3/25
User/1323,54.98,1.4,0,0.30,8/9/25,8/3/25
User/1240,21.73,0.5,0,0.80,8/9/25,8/3/25
User/1296,19.09,1.6,0.67,1.24,8/9/25,8/3/25
User/1324,62.36,1.8,0,2.72,8/9/25,8/3/25
User/1300,0,0.5,0.11,0.41,8/9/25,8/3/25
User/1314,19.31,0.4,8,1.16,8/9/25,8/3/25
User/1282,11.23,1.4,1.55,2.95,8/9/25,8/3/25
User/1313,83.51,1.9,0,1.29,8/9/25,8/3/25
User/1291,8.2,1.5,4.25,2.39,8/9/25,8/3/25
User/1307,0,10.7,71.84,0.05,8/9/25,8/3/25
User/1238,36.82,0.1,0,2.91,8/9/25,8/3/25
User/1242,0,11.6,154.25,1.18,8/9/25,8/3/25
User/1254,21.36,0.8,0,0.80,8/9/25,8/3/25
User/1271,10.67,0.3,0,1.30,8/9/25,8/3/25
User/1247,27.66,0.6,0.85,0.07,8/9/25,8/3/25
User/1292,63.24,0.4,0.13,2.78,8/9/25,8/3/25
User/1305,49.46,1.1,0,1.41,8/9/25,8/3/25
User/1283,0,0.2,0.01,1.15,8/9/25,8/3/25
User/1256,14.45,3.3,0,2.08,8/9/25,8/3/25
User/1319,2.74,0.3,24.21,0.90,8/9/25,8/3/25
User/1304,30.1,0.4,0,0.26,8/9/25,8/3/25
User/1294,6.6,0.2,0,0.00,8/9/25,8/3/25
User/1288,29.75,0.6,0,2.95,8/9/25,8/3/25
User/1250,21.85,0.6,56.05,2.28,8/9/25,8/3/25
User/1235,36.8,0.1,0,1.00,8/9/25,8/3/25
User/1284,114.76,2.1,0,2.36,8/9/25,8/3/25
User/1270,9.89,0.4,0,0.67,8/9/25,8/3/25
User/1316,10.66,0.3,0,2.94,8/9/25,8/3/25
User/1239,14.87,0.7,0.02,1.78,8/9/25,8/3/25
User/1303,20.66,1.4,0.17,1.95,8/9/25,8/3/25
User/1322,46.75,1.4,0,0.43,8/9/25,8/3/25
User/1310,26.71,0.8,3.42,0.42,8/9/25,8/3/25
User/1312,36.79,0.1,0,1.56,8/9/25,8/3/25
User/1234,30.79,0.3,0,2.53,8/9/25,8/3/25
User/1241,13.72,0.4,0,1.35,8/9/25,8/3/25
User/1275,24.56,0.9,0.1,1.54,8/9/25,8/3/25
User/1321,15.58,1.4,1.52,2.81,8/9/25,8/3/25
User/1273,26.8,2.2,2.51,1.04,8/9/25,8/3/25
User/1246,0,9.5,169.28,0.26,8/9/25,8/3/25
User/1252,33.24,0.4,0,0.42,8/9/25,8/3/25
User/1306,83.8,0.5,0,2.06,8/9/25,8/3/25
User/1261,0,10.9,75.64,2.33,8/9/25,8/3/25
User/1243,15.05,0.2,0,2.06,8/9/25,8/3/25
User/1264,38.4,0.1,0,1.84,8/9/25,8/3/25
User/1257,5.04,1.1,0.47,2.85,8/9/25,8/3/25
User/1248,29.03,0.3,0,2.97,8/9/25,8/3/25
User/1245,18.02,0.5,0,1.22,8/9/25,8/3/25
User/1249,17.72,0.3,0,2.37,8/9/25,8/3/25
User/1318,21.26,1,0,0.29,8/9/25,8/3/25
User/1285,140.19,0.9,0,1.46,8/9/25,8/3/25
User/1287,44.36,1.2,0,0.01,8/9/25,8/3/25
User/1302,21.52,1.3,28.17,2.43,8/9/25,8/3/25
User/1263,19.45,0.7,0.1,1.64,8/9/25,8/3/25
User/1251,14.52,0.4,0,0.19,8/9/25,8/3/25
User/1237,0,0.9,404.85,1.32,8/9/25,8/3/25
User/1289,43.64,2,0,1.01,8/9/25,8/3/25
User/1279,1.86,0.3,0,2.30,8/9/25,8/3/25
User/1286,47.25,1.5,0.18,2.38,8/9/25,8/3/25
User/1244,33.09,0.6,0,2.03,8/9/25,8/3/25
User/1260,37.16,0.1,0,1.55,8/9/25,8/3/25
User/1277,28.67,1.3,0.16,1.28,8/9/25,8/3/25
User/1290,0.6,0.1,0,2.82,8/9/25,8/3/25
User/1315,36.82,0.1,0,1.79,8/9/25,8/3/25
User/1274,22.37,1.7,0,2.21,8/9/25,8/3/25
User/1269,18.71,1,0.13,2.17,8/9/25,8/3/25
User/1295,14.95,1.3,0,2.89,8/9/25,8/3/25
User/1265,12.15,0.9,0,1.33,8/9/25,8/3/25
User/1272,50.1,0.5,0,1.86,8/9/25,8/3/25
User/1311,21.46,0.5,0,2.73,8/9/25,8/3/25
User/1298,30.56,1.1,4.68,2.43,8/9/25,8/3/25
User/1245,22.28,0.6,0,0.51,8/16/25,8/10/25
User/1319,6.86,0.7,60.53,0.63,8/16/25,8/10/25
User/1323,54.98,1.4,0,1.62,8/16/25,8/10/25
User/1241,19.55,0.4,0,1.89,8/16/25,8/10/25
User/1324,61.83,1.7,0,0.81,8/16/25,8/10/25
User/1273,29.51,2.3,2.51,0.56,8/16/25,8/10/25
User/1247,29.15,0.7,0.85,1.28,8/16/25,8/10/25
User/1234,23.55,0.3,0,0.16,8/16/25,8/10/25
User/1298,145.44,1.4,4.68,0.67,8/16/25,8/10/25
User/1270,7.91,0.3,0,2.33,8/16/25,8/10/25
User/1316,8.52,0.2,0,0.69,8/16/25,8/10/25
User/1253,20.55,0.4,0,1.01,8/16/25,8/10/25
User/1235,36.8,0.1,0,0.32,8/16/25,8/10/25
User/1274,25.45,1.8,0,2.59,8/16/25,8/10/25
User/1254,17.36,0.8,0,0.53,8/16/25,8/10/25
User/1243,22.17,0.4,0,0.44,8/16/25,8/10/25
User/1306,83.8,0.5,0,2.14,8/16/25,8/10/25
User/1312,36.79,0.1,0,1.87,8/16/25,8/10/25
User/1249,9.59,0.3,0,2.39,8/16/25,8/10/25
User/1287,41.19,1.2,0,1.36,8/16/25,8/10/25
User/1304,38.88,0.6,0,0.78,8/16/25,8/10/25
User/1239,14.2,0.7,0.02,0.47,8/16/25,8/10/25
User/1283,0,0.2,0.01,0.89,8/16/25,8/10/25
User/1263,21.12,0.6,0.08,0.36,8/16/25,8/10/25
User/1248,28.89,0.3,0,2.98,8/16/25,8/10/25
User/1266,40.47,1,0,2.58,8/16/25,8/10/25
User/1255,10.74,0.6,0,1.20,8/16/25,8/10/25
User/1257,4.8,1,0.47,0.45,8/16/25,8/10/25
User/1256,13.57,3.2,0,1.89,8/16/25,8/10/25
User/1282,11.21,1.3,1.46,1.01,8/16/25,8/10/25
User/1279,1.86,0.3,0,1.35,8/16/25,8/10/25
User/1305,53.27,1.1,0,1.19,8/16/25,8/10/25
User/1252,41.28,0.5,0,0.22,8/16/25,8/10/25
User/1289,46.74,2,0,0.33,8/16/25,8/10/25
User/1240,18.7,0.4,0,1.89,8/16/25,8/10/25
User/1276,36.78,0.1,0,1.99,8/16/25,8/10/25
User/1246,0,8.6,96.14,1.26,8/16/25,8/10/25
User/1277,28.5,1.1,0.13,1.59,8/16/25,8/10/25
User/1238,36.82,0.1,0,2.18,8/16/25,8/10/25
User/1307,0,9.2,61.95,0.08,8/16/25,8/10/25
User/1313,96.74,1.8,0,1.68,8/16/25,8/10/25
User/1264,38.4,0.1,0,1.34,8/16/25,8/10/25
User/1237,0,0.9,404.85,2.32,8/16/25,8/10/25
User/1314,23.62,0.4,8,0.01,8/16/25,8/10/25
User/1250,10.67,0.6,56.05,1.48,8/16/25,8/10/25
User/1318,19.12,0.8,0,2.84,8/16/25,8/10/25
User/1290,1.03,0.1,0,1.33,8/16/25,8/10/25
User/1236,36.82,0.1,0,0.77,8/16/25,8/10/25
User/1251,25.82,0.5,0,2.95,8/16/25,8/10/25
User/1321,15.12,1.3,0.73,1.89,8/16/25,8/10/25
User/1269,23.68,1.3,0.16,0.98,8/16/25,8/10/25
User/1300,0,0.4,0.08,2.33,8/16/25,8/10/25
User/1296,25.52,1.8,0.67,0.47,8/16/25,8/10/25
User/1288,45.75,0.6,0,0.93,8/16/25,8/10/25
User/1284,109.86,2.2,0,0.50,8/16/25,8/10/25
User/1272,31.04,0.5,0,0.95,8/16/25,8/10/25
User/1244,32.56,0.6,0,2.98,8/16/25,8/10/25
User/1260,37.16,0.1,0,1.83,8/16/25,8/10/25
User/1317,16.13,0.3,25.37,0.93,8/16/25,8/10/25
User/1322,30.11,1.1,0,1.51,8/16/25,8/10/25
User/1242,0,11.1,135.47,0.51,8/16/25,8/10/25
User/1292,63.24,0.4,0.13,2.59,8/16/25,8/10/25
User/1271,21.56,0.6,0,2.64,8/16/25,8/10/25
User/1297,0,0,1.44,2.24,8/16/25,8/10/25
User/1310,26.54,0.8,3.42,1.87,8/16/25,8/10/25
User/1294,6.6,0.2,0,0.83,8/16/25,8/10/25
User/1295,14.95,1.3,0,2.07,8/16/25,8/10/25
User/1259,43.6,0.2,0.07,2.97,8/16/25,8/10/25
User/1280,90.43,4.7,0,1.23,8/16/25,8/10/25
User/1302,18.79,1.2,22.54,0.99,8/16/25,8/10/25
User/1275,19.09,0.7,0.08,2.41,8/16/25,8/10/25
User/1268,16,1.1,0,1.58,8/16/25,8/10/25
User/1285,60.19,0.9,0,2.44,8/16/25,8/10/25
User/1315,36.82,0.1,0,0.25,8/16/25,8/10/25
User/1265,12.15,0.9,0,0.68,8/16/25,8/10/25
User/1261,0,10.8,74.97,0.55,8/16/25,8/10/25
User/1311,17.9,0.5,0,0.23,8/16/25,8/10/25
User/1291,9.79,1.7,4.25,1.12,8/16/25,8/10/25
User/1270,9.89,0.4,0,2.96,8/23/25,8/17/25
User/1290,6.33,0.3,0,2.80,8/23/25,8/17/25
User/1310,24.84,0.8,3.42,2.18,8/23/25,8/17/25
User/1295,14.95,1.3,0,2.80,8/23/25,8/17/25
User/1253,25.13,0.5,0,0.47,8/23/25,8/17/25
User/1284,111,2.3,0,0.17,8/23/25,8/17/25
User/1318,23.34,0.9,0,1.85,8/23/25,8/17/25
User/1291,9.99,1.7,4.25,0.90,8/23/25,8/17/25
User/1323,54.98,1.4,0,1.73,8/23/25,8/17/25
User/1246,0,8,74.91,2.98,8/23/25,8/17/25
User/1254,28.23,0.9,0,2.36,8/23/25,8/17/25
User/1256,13.18,3.2,0,1.84,8/23/25,8/17/25
User/1272,37.54,0.7,0,0.06,8/23/25,8/17/25
User/1247,29.77,0.8,0.85,2.70,8/23/25,8/17/25
User/1283,0,0.1,0.01,0.84,8/23/25,8/17/25
User/1273,28.37,2.3,2.51,1.98,8/23/25,8/17/25
User/1263,35.34,0.8,0.1,0.99,8/23/25,8/17/25
User/1252,52.19,0.5,0,0.87,8/23/25,8/17/25
User/1268,16.7,1.2,0,1.79,8/23/25,8/17/25
User/1241,27.94,0.5,0,2.92,8/23/25,8/17/25
User/1239,18.87,0.7,0.02,1.65,8/23/25,8/17/25
User/1261,0,10.6,73.78,0.52,8/23/25,8/17/25
User/1317,21.5,0.4,33.83,0.22,8/23/25,8/17/25
User/1300,0,0.5,0.11,2.86,8/23/25,8/17/25
User/1266,40.47,1,0,0.06,8/23/25,8/17/25
User/1307,0,10.3,69.65,2.56,8/23/25,8/17/25
User/1235,36.8,0.1,0,2.87,8/23/25,8/17/25
User/1269,28.23,1.3,0.16,2.32,8/23/25,8/17/25
User/1271,23.56,0.6,0,2.61,8/23/25,8/17/25
User/1277,44.56,1.4,0.16,0.78,8/23/25,8/17/25
User/1255,13.43,0.7,0,1.55,8/23/25,8/17/25
User/1243,22.33,0.4,0,1.75,8/23/25,8/17/25
User/1259,43.6,0.2,0.07,2.03,8/23/25,8/17/25
User/1292,64.47,0.5,0.13,2.67,8/23/25,8/17/25
User/1312,36.79,0.1,0,1.92,8/23/25,8/17/25
User/1285,60.19,0.9,0,2.50,8/23/25,8/17/25
User/1305,53.39,1.1,0,0.41,8/23/25,8/17/25
User/1324,59.7,1.7,0,0.87,8/23/25,8/17/25
User/1299,39.14,1.6,0.17,1.19,8/23/25,8/17/25
User/1316,11.2,0.4,0,0.05,8/23/25,8/17/25
User/1248,28.89,0.3,0,1.45,8/23/25,8/17/25
User/1302,25.43,1.7,28.17,1.44,8/23/25,8/17/25
User/1279,2.83,0.3,0,1.15,8/23/25,8/17/25
User/1289,50.25,2,0,0.29,8/23/25,8/17/25
User/1250,7.31,0.6,56.05,0.19,8/23/25,8/17/25
User/1276,36.78,0.1,0,1.95,8/23/25,8/17/25
User/1287,62.06,1.2,0,0.89,8/23/25,8/17/25
User/1304,34.75,0.7,0,0.98,8/23/25,8/17/25
User/1294,6.6,0.2,0,2.00,8/23/25,8/17/25
User/1236,36.82,0.1,0,1.96,8/23/25,8/17/25
User/1306,83.8,0.5,0,2.05,8/23/25,8/17/25
User/1297,0,0.2,8.59,1.11,8/23/25,8/17/25
User/1282,13.47,1.4,1.09,1.97,8/23/25,8/17/25
User/1234,24.59,0.3,0,2.88,8/23/25,8/17/25
User/1257,5.64,1.2,0.47,2.66,8/23/25,8/17/25
User/1315,36.82,0.1,0,2.92,8/23/25,8/17/25
User/1238,36.82,0.1,0,2.18,8/23/25,8/17/25
User/1237,0,0.9,404.85,1.37,8/23/25,8/17/25
User/1249,8.39,0.4,0,0.79,8/23/25,8/17/25
User/1274,21.32,1.7,0,0.30,8/23/25,8/17/25
User/1296,26.73,1.8,0.67,2.75,8/23/25,8/17/25
User/1244,11.78,0.3,0,0.60,8/23/25,8/17/25
User/1321,15.11,1.2,0.71,2.45,8/23/25,8/17/25
User/1311,28.09,0.5,0,1.58,8/23/25,8/17/25
User/1275,25.16,0.9,2.1,0.96,8/23/25,8/17/25
User/1288,29.75,0.6,0,1.50,8/23/25,8/17/25
User/1313,93.12,1.8,0,2.80,8/23/25,8/17/25
User/1280,87.15,4.9,0,0.95,8/23/25,8/17/25
User/1319,6.6,0.6,60.53,2.79,8/23/25,8/17/25
User/1265,12.15,0.9,0,1.24,8/23/25,8/17/25
User/1298,161.89,1.5,1.87,2.33,8/23/25,8/17/25
User/1322,29.32,1.1,0,0.84,8/23/25,8/17/25
User/1314,31.39,0.7,0,2.56,8/23/25,8/17/25
User/1240,19.32,0.5,0,2.59,8/23/25,8/17/25
User/1260,37.16,0.1,0,2.45,8/23/25,8/17/25
User/1242,0,10.8,123.7,0.15,8/23/25,8/17/25
User/1245,32.15,0.7,0,2.19,8/23/25,8/17/25
User/1264,38.4,0.1,0,2.76,8/23/25,8/17/25
User/1251,37.7,0.6,0,0.67,8/23/25,8/17/25
User/1246,0,7.7,91.23,0.68,8/30/25,8/24/25
User/1318,23.34,0.9,0,2.04,8/30/25,8/24/25
User/1238,36.82,0.1,0,0.75,8/30/25,8/24/25
User/1279,2.85,0.2,0,0.10,8/30/25,8/24/25
User/1275,27.41,1,2.1,0.77,8/30/25,8/24/25
User/1287,40.98,1.2,0,2.60,8/30/25,8/24/25
User/1295,12.37,1.1,0,0.94,8/30/25,8/24/25
User/1256,13.46,3.3,0,0.70,8/30/25,8/24/25
User/1296,26.51,1.8,0.67,2.02,8/30/25,8/24/25
User/1245,40.55,0.8,0,2.80,8/30/25,8/24/25
User/1251,33.85,0.6,0,0.01,8/30/25,8/24/25
User/1255,13.43,0.7,0,2.26,8/30/25,8/24/25
User/1288,41.75,0.6,0,1.33,8/30/25,8/24/25
User/1257,6.24,1.3,0.47,1.76,8/30/25,8/24/25
User/1264,38.4,0.1,0,1.53,8/30/25,8/24/25
User/1252,28.99,0.4,0,1.99,8/30/25,8/24/25
User/1291,10.06,1.7,4.25,0.35,8/30/25,8/24/25
User/1305,54.6,1.2,0,1.57,8/30/25,8/24/25
User/1289,49.39,2,0.82,1.07,8/30/25,8/24/25
User/1271,23.74,0.6,0,2.72,8/30/25,8/24/25
User/1272,21.81,0.5,0,0.26,8/30/25,8/24/25
User/1250,9.38,0.6,56.05,1.74,8/30/25,8/24/25
User/1277,44.56,1.4,0.16,0.75,8/30/25,8/24/25
User/1282,13.97,1.4,1.09,1.34,8/30/25,8/24/25
User/1241,27.94,0.5,0,0.94,8/30/25,8/24/25
User/1313,81.35,1.6,0,0.93,8/30/25,8/24/25
User/1247,49.15,0.8,0.85,0.24,8/30/25,8/24/25
User/1283,0,0.2,0.01,1.60,8/30/25,8/24/25
User/1280,88.16,4.9,0,1.00,8/30/25,8/24/25
User/1234,29.57,0.4,0,1.01,8/30/25,8/24/25
User/1240,8.18,0.4,0,1.71,8/30/25,8/24/25
User/1317,38.83,0.5,33.83,2.62,8/30/25,8/24/25
User/1324,57.44,1.7,0,1.03,8/30/25,8/24/25
User/1259,43.6,0.2,0.07,2.37,8/30/25,8/24/25
User/1276,36.78,0.1,0,1.37,8/30/25,8/24/25
User/1237,0,0.9,404.85,2.06,8/30/25,8/24/25
User/1270,9.89,0.4,0,1.07,8/30/25,8/24/25
User/1260,37.16,0.1,0,1.24,8/30/25,8/24/25
User/1242,0,10.9,142.23,1.79,8/30/25,8/24/25
User/1294,5.8,0.2,0,0.67,8/30/25,8/24/25
User/1319,5.18,0.6,60.53,1.32,8/30/25,8/24/25
User/1268,17.11,1.2,0,2.44,8/30/25,8/24/25
User/1321,13.78,1.2,0.71,1.85,8/30/25,8/24/25
User/1263,35.34,0.8,0.1,1.18,8/30/25,8/24/25
User/1243,17.94,0.4,0,1.27,8/30/25,8/24/25
User/1322,37.08,1.1,0,2.97,8/30/25,8/24/25
User/1304,29.26,0.6,0,2.61,8/30/25,8/24/25
User/1269,28.77,1.4,0.16,1.21,8/30/25,8/24/25
User/1316,11.2,0.4,0,1.55,8/30/25,8/24/25
User/1261,0,8.3,57.63,1.33,8/30/25,8/24/25
User/1307,0,8.8,59.32,0.28,8/30/25,8/24/25
User/1290,2.95,0.2,0,1.70,8/30/25,8/24/25
User/1248,29.17,0.3,0,0.05,8/30/25,8/24/25
User/1254,41.92,1.1,0,2.42,8/30/25,8/24/25
User/1306,83.8,0.5,0,2.96,8/30/25,8/24/25
User/1285,98.25,0.9,0,2.61,8/30/25,8/24/25
User/1302,23.93,1.7,28.17,2.28,8/30/25,8/24/25
User/1235,36.8,0.1,0,1.94,8/30/25,8/24/25
User/1249,14.28,0.5,0,0.75,8/30/25,8/24/25
User/1266,40.47,1,0,1.93,8/30/25,8/24/25
User/1253,26.1,0.6,0,1.94,8/30/25,8/24/25
User/1286,63.63,1.8,0.18,2.63,8/30/25,8/24/25
User/1284,121.71,2.5,0,1.89,8/30/25,8/24/25
User/1310,24.84,0.8,3.42,1.68,8/30/25,8/24/25
User/1299,34.71,1.6,0.17,0.42,8/30/25,8/24/25
User/1303,24.7,1.5,0.17,2.14,8/30/25,8/24/25
User/1265,13.01,0.9,0,2.06,8/30/25,8/24/25
User/1323,53.04,1.4,0,0.12,8/30/25,8/24/25
User/1273,31.48,2.5,2.51,1.48,8/30/25,8/24/25
User/1312,36.79,0.1,0,2.48,8/30/25,8/24/25
User/1314,46.16,0.8,0,0.60,8/30/25,8/24/25
User/1274,20.69,1.7,0,2.53,8/30/25,8/24/25
User/1300,0,0.5,0.11,1.64,8/30/25,8/24/25
User/1244,32.56,0.6,0,2.22,8/30/25,8/24/25
User/1236,36.82,0.1,0,1.28,8/30/25,8/24/25
User/1292,62.16,0.4,0.13,1.78,8/30/25,8/24/25
User/1239,18.49,0.7,0.02,2.60,8/30/25,8/24/25
User/1298,197.37,1.6,0,1.24,8/30/25,8/24/25
User/1311,39.95,0.6,0,0.36,8/30/25,8/24/25
User/1315,36.82,0.1,0,2.75,8/30/25,8/24/25
User/1297,0,0.2,10.69,2.84,8/30/25,8/24/25
User/1269,20.89,1,0.13,0.04,9/6/25,8/31/25
User/1292,314.34,1.1,0.13,1.97,9/6/25,8/31/25
User/1307,0,9.8,65.86,1.06,9/6/25,8/31/25
User/1289,49.24,2.1,2.05,0.09,9/6/25,8/31/25
User/1302,153.55,2,28.65,0.07,9/6/25,8/31/25
User/1315,36.82,0.1,0,1.59,9/6/25,8/31/25
User/1296,20.18,1.4,0.54,2.73,9/6/25,8/31/25
User/1241,31.1,0.5,0,2.86,9/6/25,8/31/25
User/1312,36.79,0.1,0,0.58,9/6/25,8/31/25
User/1282,14.41,1.3,0.87,1.33,9/6/25,8/31/25
User/1263,23.09,0.8,0.1,2.09,9/6/25,8/31/25
User/1275,80.4,1.8,0.1,1.26,9/6/25,8/31/25
User/1252,24.61,0.5,0,2.96,9/6/25,8/31/25
User/1310,16.25,0.5,2.05,0.79,9/6/25,8/31/25
User/1244,34.56,0.6,0,1.26,9/6/25,8/31/25
User/1300,0,0.5,0.11,1.91,9/6/25,8/31/25
User/1290,4.33,0.2,0,2.27,9/6/25,8/31/25
User/1274,19.24,1.6,0,2.74,9/6/25,8/31/25
User/1323,53.04,1.4,0,1.47,9/6/25,8/31/25
User/1234,32.5,0.4,0,0.25,9/6/25,8/31/25
User/1284,99.18,2.3,0,2.51,9/6/25,8/31/25
User/1272,28.96,0.8,0,2.35,9/6/25,8/31/25
User/1321,13,1.1,0.46,0.00,9/6/25,8/31/25
User/1260,33.41,0.1,0,1.37,9/6/25,8/31/25
User/1318,27.41,0.9,0,1.60,9/6/25,8/31/25
User/1276,36.78,0.1,0,2.47,9/6/25,8/31/25
User/1279,5.13,0.4,0,2.99,9/6/25,8/31/25
User/1288,97.93,0.7,0,1.31,9/6/25,8/31/25
User/1238,36.82,0.1,0,0.44,9/6/25,8/31/25
User/1259,34.88,0.1,0,1.91,9/6/25,8/31/25
User/1319,5.27,0.5,48.43,0.01,9/6/25,8/31/25
User/1280,61.69,3.5,0,0.38,9/6/25,8/31/25
User/1295,18.02,1.4,0,2.70,9/6/25,8/31/25
User/1246,0,6.7,61.16,0.82,9/6/25,8/31/25
User/1247,21.74,0.5,0.68,2.44,9/6/25,8/31/25
User/1248,43.72,0.8,0,1.63,9/6/25,8/31/25
User/1271,48.21,0.8,0,1.43,9/6/25,8/31/25
User/1285,102.25,1,0,2.12,9/6/25,8/31/25
User/1251,25.53,0.4,0,2.17,9/6/25,8/31/25
User/1305,39.53,0.9,0,1.42,9/6/25,8/31/25
User/1264,30.72,0,0,0.62,9/6/25,8/31/25
User/1283,0,0.2,0.01,1.13,9/6/25,8/31/25
User/1245,4,0,0,2.14,9/6/25,8/31/25
User/1243,26.67,0.5,0,1.50,9/6/25,8/31/25
User/1311,46.82,0.5,0,0.73,9/6/25,8/31/25
User/1322,50.22,1.3,0,1.02,9/6/25,8/31/25
User/1250,8.12,0.5,56.04,0.86,9/6/25,8/31/25
User/1306,80.52,0.5,0,1.12,9/6/25,8/31/25
User/1303,19.94,1.5,0.17,0.38,9/6/25,8/31/25
User/1299,29.83,1.7,0.17,2.39,9/6/25,8/31/25
User/1317,53.82,0.9,33.83,2.83,9/6/25,8/31/25
User/1297,0,0.2,10.69,2.32,9/6/25,8/31/25
User/1235,39.47,0.1,0,2.64,9/6/25,8/31/25
User/1261,0,7.9,54.24,2.42,9/6/25,8/31/25
User/1249,13.68,0.7,0,0.61,9/6/25,8/31/25
User/1291,14.8,1.8,3.9,0.24,9/6/25,8/31/25
User/1286,62.61,1.8,0.18,2.98,9/6/25,8/31/25
User/1240,8.56,0.5,0,1.41,9/6/25,8/31/25
User/1294,30.25,0.3,0,0.87,9/6/25,8/31/25
User/1257,7.4,1.3,0.47,0.50,9/6/25,8/31/25
User/1313,50.95,1.1,0,1.39,9/6/25,8/31/25
User/1236,36.82,0.1,0,0.08,9/6/25,8/31/25
User/1237,0,0.7,323.88,1.46,9/6/25,8/31/25
User/1314,54.47,0.6,0,1.86,9/6/25,8/31/25
User/1242,0,10.2,129.75,2.20,9/6/25,8/31/25
User/1268,17.49,1.1,0,1.79,9/6/25,8/31/25
User/1277,32.26,1.9,0.16,1.80,9/6/25,8/31/25
User/1316,13.07,0.5,0,2.19,9/6/25,8/31/25
User/1239,29.2,0.7,0.02,2.77,9/6/25,8/31/25
User/1253,20.83,0.7,0,0.05,9/6/25,8/31/25
User/1265,11.32,0.9,0,1.75,9/6/25,8/31/25
User/1304,54.86,0.4,0,0.00,9/6/25,8/31/25
User/1256,12.53,3.2,0,0.22,9/6/25,8/31/25
User/1324,57.44,1.7,0,2.68,9/6/25,8/31/25
User/1298,137.6,1.4,0,1.46,9/6/25,8/31/25
User/1255,14.47,0.4,0,0.12,9/6/25,8/31/25
User/1273,34.11,2.3,2.51,1.09,9/6/25,8/31/25
User/1266,41.07,1,0,2.84,9/6/25,8/31/25
User/1287,95.42,1.3,0,0.68,9/6/25,8/31/25
User/1254,39.5,1,0,2.70,9/6/25,8/31/25
User/1247,28.03,0.6,0.85,2.94,9/13/25,9/7/25
User/1291,13.17,1.7,3.9,1.86,9/13/25,9/7/25
User/1319,12.09,0.6,60.53,0.18,9/13/25,9/7/25
User/1299,29.91,1.7,0.17,0.24,9/13/25,9/7/25
User/1295,17.02,1.4,0,1.71,9/13/25,9/7/25
User/1321,15.03,1.1,0.96,2.11,9/13/25,9/7/25
User/1288,72.11,0.6,0,0.64,9/13/25,9/7/25
User/1270,9.89,0.4,0,1.40,9/13/25,9/7/25
User/1322,37.71,1.3,0,0.71,9/13/25,9/7/25
User/1306,83.8,0.5,0,2.26,9/13/25,9/7/25
User/1282,18.32,1.7,1.09,1.09,9/13/25,9/7/25
User/1237,0,0.9,404.85,0.69,9/13/25,9/7/25
User/1241,35.44,0.5,0,2.67,9/13/25,9/7/25
User/1257,7.24,1.3,0.47,2.85,9/13/25,9/7/25
User/1239,20.02,0.7,0.02,2.39,9/13/25,9/7/25
User/1296,25.23,1.7,0.67,1.49,9/13/25,9/7/25
User/1245,38.68,0.9,0,0.21,9/13/25,9/7/25
User/1243,38.83,0.8,10,1.97,9/13/25,9/7/25
User/1317,67.61,1.2,42.29,1.09,9/13/25,9/7/25
User/1261,0,9.6,66.06,2.37,9/13/25,9/7/25
User/1302,43.25,1.9,28.65,2.52,9/13/25,9/7/25
User/1259,43.6,0.2,0,0.57,9/13/25,9/7/25
User/1310,27.09,0.9,3.42,2.56,9/13/25,9/7/25
User/1260,37.16,0.1,0,0.78,9/13/25,9/7/25
User/1276,36.78,0.1,0,0.35,9/13/25,9/7/25
User/1280,84.11,4.4,0,1.20,9/13/25,9/7/25
User/1269,23.42,1.3,0.16,2.70,9/13/25,9/7/25
User/1255,14.62,0.5,0,1.96,9/13/25,9/7/25
User/1286,64.1,1.8,0.18,2.61,9/13/25,9/7/25
User/1264,38.4,0.1,0,2.99,9/13/25,9/7/25
User/1285,101.29,1,0,0.60,9/13/25,9/7/25
User/1313,83.84,1.6,0,2.49,9/13/25,9/7/25
User/1300,0,0.5,0.11,0.36,9/13/25,9/7/25
User/1242,0,10.1,132.25,2.90,9/13/25,9/7/25
User/1236,36.82,0.1,0,2.17,9/13/25,9/7/25
User/1273,94.2,2.3,2.51,0.65,9/13/25,9/7/25
User/1279,3.92,0.5,0,0.06,9/13/25,9/7/25
User/1290,16.75,0.3,0,1.28,9/13/25,9/7/25
User/1235,39.47,0.1,0,0.96,9/13/25,9/7/25
User/1256,12.83,3.3,0,2.77,9/13/25,9/7/25
User/1284,119.28,2.4,0,2.37,9/13/25,9/7/25
User/1312,36.79,0.1,0,0.15,9/13/25,9/7/25
User/1251,36.3,0.6,0,1.41,9/13/25,9/7/25
User/1314,77.86,0.8,0,0.99,9/13/25,9/7/25
User/1293,0,0.2,6.67,0.22,9/13/25,9/7/25
User/1307,0,9.8,66.12,0.22,9/13/25,9/7/25
User/1272,52.78,1.4,0,2.24,9/13/25,9/7/25
User/1289,49.62,2.2,2.05,0.35,9/13/25,9/7/25
User/1315,36.82,0.1,0,1.19,9/13/25,9/7/25
User/1238,36.82,0.1,0,1.26,9/13/25,9/7/25
User/1303,19.94,1.5,0.17,0.77,9/13/25,9/7/25
User/1318,23.42,0.9,0,1.03,9/13/25,9/7/25
User/1323,54.98,1.4,0,2.11,9/13/25,9/7/25
User/1271,46.26,0.8,0,0.67,9/13/25,9/7/25
User/1246,0,6.8,74.06,1.69,9/13/25,9/7/25
User/1248,44.92,0.8,0,1.85,9/13/25,9/7/25
User/1277,32.27,1.9,0.16,0.65,9/13/25,9/7/25
User/1268,17.93,1.1,0,1.28,9/13/25,9/7/25
User/1249,27.66,0.8,0,0.38,9/13/25,9/7/25
User/1287,107.64,1.6,0,1.47,9/13/25,9/7/25
User/1234,41.68,0.6,0,1.76,9/13/25,9/7/25
User/1266,39.78,1,0,0.57,9/13/25,9/7/25
User/1304,32.86,0.5,0,2.50,9/13/25,9/7/25
User/1250,19.94,0.8,56.05,2.02,9/13/25,9/7/25
User/1298,129.82,1.4,0,0.87,9/13/25,9/7/25
User/1254,39.5,1,0,0.39,9/13/25,9/7/25
User/1292,322.48,1.2,0.13,2.20,9/13/25,9/7/25
User/1283,0,0.2,0.01,0.99,9/13/25,9/7/25
User/1274,19.33,1.7,0,1.80,9/13/25,9/7/25
User/1297,0,0.2,10.69,1.54,9/13/25,9/7/25
User/1252,30.08,0.6,0,2.04,9/13/25,9/7/25
User/1311,45.71,0.5,0,0.19,9/13/25,9/7/25
User/1275,45.23,1.8,0.1,1.79,9/13/25,9/7/25
User/1305,49.41,1.2,0,2.93,9/13/25,9/7/25
User/1265,14.15,1.2,0,0.84,9/13/25,9/7/25
User/1324,69.96,1.8,0,1.09,9/13/25,9/7/25
User/1316,13.07,0.5,0,0.69,9/13/25,9/7/25
User/1244,38.56,0.6,0,0.69,9/13/25,9/7/25
User/1253,22.98,0.8,0,0.30,9/13/25,9/7/25
User/1294,30.84,0.3,0,2.64,9/13/25,9/7/25
User/1240,8.56,0.5,0,1.23,9/13/25,9/7/25
User/1263,23.09,0.8,0.1,0.70,9/13/25,9/7/25
User/1253,20.61,0.8,0,2.25,9/20/25,9/14/25
User/1238,36.82,0.1,0,2.74,9/20/25,9/14/25
User/1314,54.8,0.9,0,2.58,9/20/25,9/14/25
User/1312,36.79,0.1,0,2.13,9/20/25,9/14/25
User/1299,28.72,1.7,0.17,1.82,9/20/25,9/14/25
User/1261,0,9.5,64.97,0.49,9/20/25,9/14/25
User/1257,7.24,1.3,0.47,0.79,9/20/25,9/14/25
User/1268,18.49,1.1,0,0.02,9/20/25,9/14/25
User/1246,0,7.2,91.47,2.21,9/20/25,9/14/25
User/1316,12.66,0.5,0,2.41,9/20/25,9/14/25
User/1292,323.28,1.2,10.66,1.02,9/20/25,9/14/25
User/1311,42.77,0.4,0,0.95,9/20/25,9/14/25
User/1280,97.04,4.4,0,1.01,9/20/25,9/14/25
User/1243,38.83,0.8,0,2.20,9/20/25,9/14/25
User/1239,12.8,0.6,0.02,1.01,9/20/25,9/14/25
User/1274,18.97,1.6,0,2.36,9/20/25,9/14/25
User/1287,91.76,1.5,0,2.98,9/20/25,9/14/25
User/1310,21.67,0.7,2.74,2.50,9/20/25,9/14/25
User/1234,42.77,0.5,0,2.41,9/20/25,9/14/25
User/1291,13.36,1.7,3.9,0.43,9/20/25,9/14/25
User/1255,10.78,0.4,0,2.37,9/20/25,9/14/25
User/1317,67.61,1.2,42.29,2.75,9/20/25,9/14/25
User/1307,0,10,67.95,0.17,9/20/25,9/14/25
User/1244,31.2,0.5,0,2.81,9/20/25,9/14/25
User/1318,26.05,1,0,2.24,9/20/25,9/14/25
User/1290,9.71,0.3,0,0.99,9/20/25,9/14/25
User/1293,0,0.3,20.44,0.71,9/20/25,9/14/25
User/1306,70.65,0.4,0,1.89,9/20/25,9/14/25
User/1251,34.81,0.6,0,0.52,9/20/25,9/14/25
User/1302,29.91,1.9,28.65,1.60,9/20/25,9/14/25
User/1322,33.48,1.2,0,0.45,9/20/25,9/14/25
User/1298,107.21,1.2,0,1.87,9/20/25,9/14/25
User/1288,55.73,0.6,0,1.00,9/20/25,9/14/25
User/1279,4.19,0.5,0,2.31,9/20/25,9/14/25
User/1270,9.89,0.4,0,2.62,9/20/25,9/14/25
User/1252,25.76,0.8,0,1.37,9/20/25,9/14/25
User/1313,81.31,1.6,0,0.63,9/20/25,9/14/25
User/1295,17.02,1.4,0,0.93,9/20/25,9/14/25
User/1272,79.42,2,0,2.50,9/20/25,9/14/25
User/1264,38.4,0.1,0,2.96,9/20/25,9/14/25
User/1259,40.65,0.1,0,2.14,9/20/25,9/14/25
User/1315,36.82,0.1,0,2.39,9/20/25,9/14/25
User/1297,0,0.1,6.42,0.27,9/20/25,9/14/25
User/1277,34.2,2,0.16,2.83,9/20/25,9/14/25
User/1241,33.79,0.4,0,1.60,9/20/25,9/14/25
User/1321,15.55,1.1,0.46,0.90,9/20/25,9/14/25
User/1248,33.66,0.8,0,1.96,9/20/25,9/14/25
User/1236,36.82,0.1,0,1.02,9/20/25,9/14/25
User/1237,0,0.9,404.85,1.58,9/20/25,9/14/25
User/1319,33.32,0.7,60.53,2.41,9/20/25,9/14/25
User/1300,0,0.5,0.11,1.60,9/20/25,9/14/25
User/1304,30.71,0.5,0,2.91,9/20/25,9/14/25
User/1276,36.78,0.1,0,0.54,9/20/25,9/14/25
User/1249,25.76,0.9,0,1.61,9/20/25,9/14/25
User/1294,28.18,0.3,2.48,0.29,9/20/25,9/14/25
User/1282,18.78,1.8,0.9,1.70,9/20/25,9/14/25
User/1286,54.05,1.8,0.18,0.12,9/20/25,9/14/25
User/1254,43.5,1,0,1.12,9/20/25,9/14/25
User/1260,37.16,0.1,0,0.47,9/20/25,9/14/25
User/1284,134.69,2.7,0,2.73,9/20/25,9/14/25
User/1235,39.47,0.1,0,1.40,9/20/25,9/14/25
User/1324,67.96,1.8,0,0.09,9/20/25,9/14/25
User/1247,29.31,0.6,0.72,0.86,9/20/25,9/14/25
User/1250,24.02,0.9,56.05,2.63,9/20/25,9/14/25
User/1271,57.69,0.9,0,1.07,9/20/25,9/14/25
User/1303,21.41,1.5,0.17,1.30,9/20/25,9/14/25
User/1256,12.72,3.3,0,1.37,9/20/25,9/14/25
User/1263,24.9,0.8,0.1,2.88,9/20/25,9/14/25
User/1305,49.41,1.2,0,2.30,9/20/25,9/14/25
User/1266,50.91,1.2,0,1.70,9/20/25,9/14/25
User/1269,23.42,1.3,0.16,1.80,9/20/25,9/14/25
User/1240,15.28,0.5,0,0.68,9/20/25,9/14/25
User/1283,0,0.1,0.01,1.45,9/20/25,9/14/25
User/1296,25.51,1.7,0.67,0.60,9/20/25,9/14/25
User/1323,54.98,1.4,0,0.28,9/20/25,9/14/25
User/1265,13.87,1.1,0,0.10,9/20/25,9/14/25
User/1242,0,10,110.39,0.09,9/20/25,9/14/25
User/1275,45.23,1.8,0.1,1.38,9/20/25,9/14/25
User/1285,99.95,0.9,0,2.77,9/20/25,9/14/25
User/1289,49.06,2.2,2.05,2.58,9/20/25,9/14/25
User/1245,41.47,1,0,2.42,9/20/25,9/14/25
User/1238,36.82,0.1,0,2.08,9/27/25,9/21/25
User/1313,68.86,1.5,0,2.33,9/27/25,9/21/25
User/1303,20.75,1.5,0.17,2.17,9/27/25,9/21/25
User/1324,67.96,1.8,0,1.81,9/27/25,9/21/25
User/1286,54.68,1.8,0.18,2.72,9/27/25,9/21/25
User/1275,35.98,1.4,0.08,0.79,9/27/25,9/21/25
User/1243,42.68,0.8,0,0.52,9/27/25,9/21/25
User/1244,31.2,0.5,0,2.67,9/27/25,9/21/25
User/1292,318.86,1.2,10.66,2.16,9/27/25,9/21/25
User/1277,34.7,2,0.16,1.49,9/27/25,9/21/25
User/1297,0,0.2,10.69,1.48,9/27/25,9/21/25
User/1245,43.95,1,0,2.59,9/27/25,9/21/25
User/1298,142.16,1.6,0,1.78,9/27/25,9/21/25
User/1293,0,0.5,32.44,2.15,9/27/25,9/21/25
User/1280,117.13,4.4,0,0.28,9/27/25,9/21/25
User/1272,94.7,2.3,0,0.90,9/27/25,9/21/25
User/1294,27.61,0.3,4.14,2.19,9/27/25,9/21/25
User/1251,25.9,0.6,0,2.52,9/27/25,9/21/25
User/1249,26.49,1,0,2.36,9/27/25,9/21/25
User/1321,13.89,1.1,0.21,1.51,9/27/25,9/21/25
User/1235,39.47,0.1,0,0.12,9/27/25,9/21/25
User/1265,12.75,1.1,0,1.17,9/27/25,9/21/25
User/1319,74.04,0.8,60.53,0.63,9/27/25,9/21/25
User/1264,38.4,0.1,0,2.17,9/27/25,9/21/25
User/1236,36.82,0.1,0,0.43,9/27/25,9/21/25
User/1312,36.79,0.1,0,1.07,9/27/25,9/21/25
User/1317,19.33,0.5,16.92,2.84,9/27/25,9/21/25
User/1276,36.78,0.1,0,0.94,9/27/25,9/21/25
User/1274,18.53,1.5,0,0.77,9/27/25,9/21/25
User/1296,24.79,1.7,0.67,0.09,9/27/25,9/21/25
User/1305,49.41,1.2,0,1.30,9/27/25,9/21/25
User/1323,54.98,1.4,0,0.60,9/27/25,9/21/25
User/1253,27.27,0.8,0,0.26,9/27/25,9/21/25
User/1310,27.09,0.9,0,0.21,9/27/25,9/21/25
User/1304,26.89,0.5,0,1.88,9/27/25,9/21/25
User/1241,34.79,0.5,0,2.84,9/27/25,9/21/25
User/1300,0,0.5,0.11,2.20,9/27/25,9/21/25
User/1259,38.69,0.1,0,0.02,9/27/25,9/21/25
User/1287,129.23,1.6,0,2.35,9/27/25,9/21/25
User/1261,0,9.7,66.01,0.43,9/27/25,9/21/25
User/1271,68.08,1,0,0.34,9/27/25,9/21/25
User/1284,138.1,2.8,0,2.94,9/27/25,9/21/25
User/1263,27.61,0.8,0.1,1.68,9/27/25,9/21/25
User/1260,37.16,0.1,0,1.38,9/27/25,9/21/25
User/1266,50.91,1.2,0,0.49,9/27/25,9/21/25
User/1282,18.11,1.7,0.63,0.35,9/27/25,9/21/25
User/1270,9.89,0.4,0,1.63,9/27/25,9/21/25
User/1288,59.73,0.6,0,0.75,9/27/25,9/21/25
User/1269,23.42,1.3,0.16,1.18,9/27/25,9/21/25
User/1246,0,6.8,64.47,1.68,9/27/25,9/21/25
User/1285,99.95,0.9,0,2.06,9/27/25,9/21/25
User/1315,36.82,0.1,0,2.23,9/27/25,9/21/25
User/1318,30.35,1,0,1.44,9/27/25,9/21/25
User/1289,49.06,2.2,2.05,0.66,9/27/25,9/21/25
User/1257,7.65,1.3,0.47,1.95,9/27/25,9/21/25
User/1250,26.87,0.9,56.05,2.99,9/27/25,9/21/25
User/1255,10.78,0.4,0,0.68,9/27/25,9/21/25
User/1254,42.64,1.1,0,0.64,9/27/25,9/21/25
User/1239,18.2,0.6,0.02,0.04,9/27/25,9/21/25
User/1306,65.39,0.4,0,0.73,9/27/25,9/21/25
User/1295,17.02,1.4,0,1.78,9/27/25,9/21/25
User/1234,29.91,0.4,0,2.35,9/27/25,9/21/25
User/1311,37.81,0.4,0,0.80,9/27/25,9/21/25
User/1316,12.41,0.5,0,2.28,9/27/25,9/21/25
User/1242,0,10.2,98.51,1.55,9/27/25,9/21/25
User/1237,0,0.9,404.85,0.31,9/27/25,9/21/25
User/1290,18.75,0.4,0,0.98,9/27/25,9/21/25
User/1279,4.19,0.5,0,1.33,9/27/25,9/21/25
User/1240,15.28,0.5,0,0.47,9/27/25,9/21/25
User/1268,16.16,1,0,0.45,9/27/25,9/21/25
User/1291,12.31,1.5,3.9,1.00,9/27/25,9/21/25
User/1302,27.34,1.9,28.65,1.08,9/27/25,9/21/25
User/1314,31.83,0.7,0,0.34,9/27/25,9/21/25
User/1256,20.82,3.3,0,0.93,9/27/25,9/21/25
User/1299,25.25,1.4,0.14,2.09,9/27/25,9/21/25
User/1307,0,9.9,67.51,0.80,9/27/25,9/21/25
User/1252,31.6,0.8,0,1.50,9/27/25,9/21/25
User/1322,29.69,1.3,0,1.62,9/27/25,9/21/25
User/1283,0,0.1,0.01,2.81,9/27/25,9/21/25
User/1247,31.46,0.7,0.22,2.37,9/27/25,9/21/25
User/1253,21.58,0.4,0,1.52,10/4/25,9/28/25
User/1311,14.18,0.2,0,1.47,10/4/25,9/28/25
User/1298,67.94,0.8,0,1.76,10/4/25,9/28/25
User/1268,13.28,0.8,0,1.88,10/4/25,9/28/25
User/1297,0,0.1,4.28,0.27,10/4/25,9/28/25
User/1295,6.81,0.5,0,0.14,10/4/25,9/28/25
User/1303,8.47,0.6,0.07,2.40,10/4/25,9/28/25
User/1255,5.39,0.2,0,2.42,10/4/25,9/28/25
User/1321,8.06,0.5,0.08,2.77,10/4/25,9/28/25
User/1282,7.12,0.7,0.25,2.25,10/4/25,9/28/25
User/1306,27.21,0.2,0,2.50,10/4/25,9/28/25
User/1252,12.38,0.3,0,2.84,10/4/25,9/28/25
User/1305,22.43,0.5,0,1.02,10/4/25,9/28/25
User/1257,3.12,0.5,0.19,2.52,10/4/25,9/28/25
User/1310,10.76,0.3,0,2.98,10/4/25,9/28/25
User/1322,10.89,0.5,0,2.34,10/4/25,9/28/25
User/1312,15.77,0,0,2.35,10/4/25,9/28/25
User/1280,48.28,1.8,0,1.61,10/4/25,9/28/25
User/1264,15.21,0,0,0.29,10/4/25,9/28/25
User/1292,127.55,0.5,4.26,1.22,10/4/25,9/28/25
User/1304,9.01,0.2,0,1.68,10/4/25,9/28/25
User/1300,0,0.2,0.04,1.64,10/4/25,9/28/25
User/1259,15.48,0,0,2.23,10/4/25,9/28/25
User/1286,25.85,0.7,0.07,1.22,10/4/25,9/28/25
User/1240,10.21,0.2,0,1.69,10/4/25,9/28/25
User/1291,4.63,0.6,1.56,1.81,10/4/25,9/28/25
User/1277,13.63,0.8,0.07,2.25,10/4/25,9/28/25
User/1234,10.26,0.2,0,2.80,10/4/25,9/28/25
User/1294,11.23,0.2,1.66,0.11,10/4/25,9/28/25
User/1285,39.98,0.4,0,2.35,10/4/25,9/28/25
User/1296,9.36,0.7,0.27,0.40,10/4/25,9/28/25
User/1270,3.96,0.2,0,0.74,10/4/25,9/28/25
User/1261,0,3.9,26.54,0.25,10/4/25,9/28/25
User/1247,13.58,0.3,0.09,1.06,10/4/25,9/28/25
User/1250,18.75,0.4,17.02,2.41,10/4/25,9/28/25
User/1260,15.39,0.1,0,0.47,10/4/25,9/28/25
User/1272,38.84,0.9,0,1.53,10/4/25,9/28/25
User/1269,9.37,0.5,0.07,0.31,10/4/25,9/28/25
User/1237,0,0.3,161.94,2.87,10/4/25,9/28/25
User/1274,7.88,0.7,0,2.27,10/4/25,9/28/25
User/1241,12.72,0.2,0,1.29,10/4/25,9/28/25
User/1275,25.83,0.7,0.04,1.37,10/4/25,9/28/25
User/1283,0,0.1,0,2.17,10/4/25,9/28/25
User/1236,15.78,0,0,1.70,10/4/25,9/28/25
User/1317,25.81,0.5,16.92,1.62,10/4/25,9/28/25
User/1279,1.68,0.2,0,1.96,10/4/25,9/28/25
User/1318,12.14,0.4,0,1.70,10/4/25,9/28/25
User/1290,3.7,0.1,0,2.87,10/4/25,9/28/25
User/1238,15.78,0,0,0.07,10/4/25,9/28/25
User/1323,21.99,0.6,0,1.38,10/4/25,9/28/25
User/1302,10.64,0.7,11.46,0.65,10/4/25,9/28/25
User/1248,5.23,0.2,0,2.43,10/4/25,9/28/25
User/1316,4.96,0.2,0,0.84,10/4/25,9/28/25
User/1265,6.17,0.6,0,1.94,10/4/25,9/28/25
User/1287,68.77,0.7,0,1.92,10/4/25,9/28/25
User/1243,16.95,0.3,0,2.83,10/4/25,9/28/25
User/1266,16.53,0.5,0,0.22,10/4/25,9/28/25
User/1263,11.15,0.3,0.04,0.91,10/4/25,9/28/25
User/1319,10.38,0.2,24.21,0.24,10/4/25,9/28/25
User/1315,15.78,0,0,2.01,10/4/25,9/28/25
User/1246,0,2.7,20.64,2.16,10/4/25,9/28/25
User/1293,0,0.2,16.18,0.37,10/4/25,9/28/25
User/1254,17.37,0.4,0,1.83,10/4/25,9/28/25
User/1288,26.29,0.3,0,0.06,10/4/25,9/28/25
User/1245,17.03,0.4,0,0.16,10/4/25,9/28/25
User/1289,19.81,0.9,0.82,1.56,10/4/25,9/28/25
User/1314,13.78,0.3,0,0.00,10/4/25,9/28/25
User/1307,0,4.1,27.79,0.17,10/4/25,9/28/25
User/1299,12.33,0.7,0.07,2.47,10/4/25,9/28/25
User/1239,8,0.2,0.01,1.78,10/4/25,9/28/25
User/1276,15.76,0,0,2.94,10/4/25,9/28/25
User/1271,53.94,0.5,0,2.68,10/4/25,9/28/25
User/1242,0,4.1,40.14,1.54,10/4/25,9/28/25
User/1284,55.06,1.1,0,0.38,10/4/25,9/28/25
User/1235,16.84,0.1,0,2.34,10/4/25,9/28/25
User/1244,13.94,0.3,0,2.07,10/4/25,9/28/25
User/1313,34.49,0.7,0,0.82,10/4/25,9/28/25
User/1256,45.06,1.4,0,0.95,10/4/25,9/28/25
User/1249,13.88,0.4,0,0.65,10/4/25,9/28/25
User/1324,27.18,0.7,0,0.92,10/4/25,9/28/25
User/1251,11.16,0.2,0,0.00,10/4/25,9/28/25